Unnamed: 0,sysEname,time,triggername,is_root
0,SYS_2,2019-06-23 08:41:29,主机node_70 分区剩余空间小于阀值10%,0
1,SYS_9,2019-06-23 08:41:29,主机node_44 url:http://node_44:8080访问失败,0
2,SYS_2,2019-06-23 08:41:30,主机node_37 堆内存平均使用率：94.61%（大于阈值：90%）,0
3,SYS_9,2019-06-23 08:41:33,主机node_16 网卡eth0 发送流量持续30分钟平均值大于700M,0
4,SYS_8,2019-06-23 08:41:35,"主机node_71 ping丢包率100%,服务器宕机",0
5,SYS_4,2019-06-23 08:41:37,主机node_62 上I/O等待负载持续15分钟超过10%,0
6,SYS_9,2019-06-23 08:41:41,主机node_80 sdd IO使用率持续30分钟大于90%,0
7,SYS_8,2019-06-23 08:41:42,主机node_43 上CPU Steal Time持续5分钟超过10%,0
8,SYS_1,2019-06-23 08:41:44,主机node_15 分区剩余空间小于阀值10%,0
9,SYS_5,2019-06-23 08:41:45,主机node_76 **** 请求延时大于5分钟,0
10,SYS_4,2019-06-23 08:41:47,主机node_62 上I/O等待负载持续15分钟超过10%,0
11,SYS_9,2019-06-23 08:41:49,主机node_92 **** 请求延时大于5分钟,0
12,SYS_7,2019-06-23 08:41:49,主机node_89 上CPU Steal Time持续5分钟超过10%,0
13,SYS_5,2019-06-23 08:41:51,主机node_26 FullGC次数：32次（大于阈值：10次）,0
14,SYS_6,2019-06-23 08:41:51,主机node_98 日志报错:无法获取连接,0
15,SYS_5,2019-06-23 08:41:51,主机node_74 端口6060通信异常,0
16,SYS_9,2019-06-23 08:41:53,主机node_16 网卡eth0 发送流量持续30分钟平均值大于700M,0
17,SYS_6,2019-06-23 08:41:53,主机node_56 上CPU Steal Time持续5分钟超过10%,0
18,SYS_9,2019-06-23 08:41:54,主机node_47 上I/O等待负载大于50%,0
19,SYS_8,2019-06-23 08:41:54,主机node_95 上CPU Steal Time持续5分钟超过10%,0
20,SYS_5,2019-06-23 08:41:55,主机node_14 url:http://node_14:80//访问失败,0
21,SYS_4,2019-06-23 08:41:57,主机node_62 上I/O等待负载持续15分钟超过10%,0
22,SYS_7,2019-06-23 08:41:59,主机node_89 上CPU Steal Time持续5分钟超过10%,0
23,SYS_5,2019-06-23 08:42:00,主机node_60 分区剩余空间小于阀值10%,0
24,SYS_8,2019-06-23 08:42:02,主机node_43 上CPU Steal Time持续5分钟超过10%,0
25,SYS_6,2019-06-23 08:42:03,主机node_56 上CPU Steal Time持续5分钟超过10%,0
26,SYS_9,2019-06-23 08:42:04,主机node_66 网卡eth0 发送流量持续10分钟平均值大于800M,0
27,SYS_8,2019-06-23 08:42:04,主机node_95 上CPU Steal Time持续5分钟超过10%,0
28,SYS_1,2019-06-23 08:42:04,主机node_15 分区剩余空间小于阀值10%,0
29,SYS_5,2019-06-23 08:42:10,主机node_60 分区剩余空间小于阀值10%,0
30,SYS_5,2019-06-23 08:42:11,主机node_26 FullGC次数：32次（大于阈值：10次）,0
31,SYS_5,2019-06-23 08:42:11,主机node_74 端口6060通信异常,0
32,SYS_2,2019-06-23 08:42:11,主机node_99 FullGC次数：32次（大于阈值：10次）,0
33,SYS_8,2019-06-23 08:42:12,主机node_43 上CPU Steal Time持续5分钟超过10%,0
34,SYS_9,2019-06-23 08:42:13,主机node_16 网卡eth0 发送流量持续30分钟平均值大于700M,0
35,SYS_8,2019-06-23 08:42:14,主机node_95 上CPU Steal Time持续5分钟超过10%,0
36,SYS_4,2019-06-23 08:42:17,主机node_62 上I/O等待负载持续15分钟超过10%,0
37,SYS_9,2019-06-23 08:42:19,主机node_92 **** 请求延时大于5分钟,0
38,SYS_2,2019-06-23 08:42:19,主机node_70 分区剩余空间小于阀值10%,0
39,SYS_5,2019-06-23 08:42:20,主机node_60 分区剩余空间小于阀值10%,0
40,SYS_1,2019-06-23 08:42:20,主机node_0 网卡eth0 接收流量持续10分钟平均值大于180M,0
41,SYS_6,2019-06-23 08:42:23,主机node_56 上CPU Steal Time持续5分钟超过10%,0
42,SYS_8,2019-06-23 08:42:24,主机node_95 上CPU Steal Time持续5分钟超过10%,0
43,SYS_8,2019-06-23 08:42:25,"主机node_71 ping丢包率100%,服务器宕机",0
44,SYS_9,2019-06-23 08:42:25,主机node_12 网卡eth0 发送流量持续10分钟平均值大于800M,0
45,SYS_5,2019-06-23 08:42:25,主机node_14 url:http://node_14:80//访问失败,0
46,SYS_4,2019-06-23 08:42:27,主机node_62 上I/O等待负载持续15分钟超过10%,0
47,SYS_2,2019-06-23 08:42:29,主机node_70 分区剩余空间小于阀值10%,0
48,SYS_5,2019-06-23 08:42:30,主机node_60 分区剩余空间小于阀值10%,0
49,SYS_6,2019-06-23 08:42:32,主机node_67 HTTP:http://*************，慢响应（调用耗时超过1000ms）次数：309次（大于阈值：200次）,0
50,SYS_9,2019-06-23 08:42:33,主机node_16 网卡eth0 发送流量持续30分钟平均值大于700M,0
51,SYS_9,2019-06-23 08:42:34,主机node_47 上I/O等待负载大于50%,0
52,SYS_5,2019-06-23 08:42:35,主机node_76 **** 请求延时大于5分钟,0
53,SYS_4,2019-06-23 08:42:37,主机node_62 上I/O等待负载持续15分钟超过10%,0
54,SYS_2,2019-06-23 08:42:39,主机node_70 分区剩余空间小于阀值10%,0
55,SYS_9,2019-06-23 08:42:39,主机node_92 **** 请求延时大于5分钟,0
56,SYS_7,2019-06-23 08:42:43,主机node_53 JBOSS 8080端口的连接数大于400,0
57,SYS_6,2019-06-23 08:42:43,主机node_56 上CPU Steal Time持续5分钟超过10%,0
58,SYS_9,2019-06-23 08:42:43,主机node_16 网卡eth0 发送流量持续30分钟平均值大于700M,0
59,SYS_7,2019-06-23 08:42:45,主机node_24 日志中有OutOfMemoryError信息,0
60,SYS_4,2019-06-23 08:42:47,主机node_62 上I/O等待负载持续15分钟超过10%,0
61,SYS_4,2019-06-23 08:42:49,主机node_77 日志产生ERROR信息,0
62,SYS_5,2019-06-23 08:42:50,主机node_60 分区剩余空间小于阀值10%,0
63,SYS_9,2019-06-23 08:42:51,主机node_80 sdd IO使用率持续30分钟大于90%,0
64,SYS_8,2019-06-23 08:42:52,主机node_43 上CPU Steal Time持续5分钟超过10%,0
65,SYS_9,2019-06-23 08:42:53,主机node_16 网卡eth0 发送流量持续30分钟平均值大于700M,0
66,SYS_6,2019-06-23 08:42:53,主机node_56 上CPU Steal Time持续5分钟超过10%,0
67,SYS_1,2019-06-23 08:42:54,主机node_15 分区剩余空间小于阀值10%,0
68,SYS_5,2019-06-23 08:42:55,主机node_14 url:http://node_14:80//访问失败,0
69,SYS_4,2019-06-23 08:42:57,主机node_62 上I/O等待负载持续15分钟超过10%,0
70,SYS_9,2019-06-23 08:42:59,主机node_44 url:http://node_44:8080访问失败,0
71,SYS_4,2019-06-23 08:42:59,主机node_77 日志产生ERROR信息,0
72,SYS_10,2019-06-23 08:43:00,主机node_42 网卡eth0 发送流量持续30分钟平均值大于700M,0
73,SYS_2,2019-06-23 08:43:00,主机node_37 堆内存平均使用率：94.61%（大于阈值：90%）,0
74,SYS_9,2019-06-23 08:43:01,主机node_80 sdd IO使用率持续30分钟大于90%,0
75,SYS_2,2019-06-23 08:43:01,主机node_99 FullGC次数：32次（大于阈值：10次）,0
76,SYS_8,2019-06-23 08:43:02,主机node_43 上CPU Steal Time持续5分钟超过10%,0
77,SYS_9,2019-06-23 08:43:03,主机node_16 网卡eth0 发送流量持续30分钟平均值大于700M,0
78,SYS_6,2019-06-23 08:43:03,主机node_56 上CPU Steal Time持续5分钟超过10%,0
79,SYS_1,2019-06-23 08:43:04,主机node_15 分区剩余空间小于阀值10%,0
80,SYS_8,2019-06-23 08:43:05,"主机node_71 ping丢包率100%,服务器宕机",0
81,SYS_5,2019-06-23 08:43:05,主机node_76 **** 请求延时大于5分钟,0
82,SYS_4,2019-06-23 08:43:07,主机node_62 上I/O等待负载持续15分钟超过10%,0
83,SYS_2,2019-06-23 08:43:09,主机node_70 分区剩余空间小于阀值10%,0
84,SYS_7,2019-06-23 08:43:09,主机node_89 上CPU Steal Time持续5分钟超过10%,0
85,SYS_5,2019-06-23 08:43:10,主机node_60 分区剩余空间小于阀值10%,0
86,SYS_1,2019-06-23 08:43:11,主机node_31 sdd IO使用率持续30分钟大于90%,0
87,SYS_5,2019-06-23 08:43:11,主机node_74 端口6060通信异常,0
88,SYS_6,2019-06-23 08:43:13,主机node_56 上CPU Steal Time持续5分钟超过10%,0
89,SYS_1,2019-06-23 08:43:14,主机node_15 分区剩余空间小于阀值10%,0
90,SYS_9,2019-06-23 08:43:14,主机node_66 网卡eth0 发送流量持续10分钟平均值大于800M,0
91,SYS_8,2019-06-23 08:43:15,"主机node_71 ping丢包率100%,服务器宕机",0
92,SYS_9,2019-06-23 08:43:19,主机node_92 **** 请求延时大于5分钟,0
93,SYS_2,2019-06-23 08:43:19,主机node_70 分区剩余空间小于阀值10%,0
94,SYS_9,2019-06-23 08:43:19,主机node_44 url:http://node_44:8080访问失败,0
95,SYS_8,2019-06-23 08:43:20,主机node_87 上I/O等待负载大于50%,0
96,SYS_1,2019-06-23 08:43:21,主机node_31 sdd IO使用率持续30分钟大于90%,0
97,SYS_6,2019-06-23 08:43:21,主机node_98 日志报错:无法获取连接,0
98,SYS_5,2019-06-23 08:43:21,主机node_74 端口6060通信异常,0
99,SYS_8,2019-06-23 08:43:22,主机node_43 上CPU Steal Time持续5分钟超过10%,0
100,SYS_3,2019-06-23 08:43:22,主机node_20 网卡eth0 接收流量持续10分钟平均值大于300M,0
101,SYS_6,2019-06-23 08:43:23,主机node_56 上CPU Steal Time持续5分钟超过10%,0
102,SYS_7,2019-06-23 08:43:23,主机node_63 Nginx 80端口的连接数大于2000,0
103,SYS_8,2019-06-23 08:43:24,主机node_95 上CPU Steal Time持续5分钟超过10%,0
104,SYS_10,2019-06-23 08:43:26,主机node_90 堆内存平均使用率：94.61%（大于阈值：90%）,0
105,SYS_4,2019-06-23 08:43:29,主机node_77 日志产生ERROR信息,0
106,SYS_2,2019-06-23 08:43:30,主机node_37 堆内存平均使用率：94.61%（大于阈值：90%）,0
107,SYS_1,2019-06-23 08:43:31,主机node_31 sdd IO使用率持续30分钟大于90%,0
108,SYS_7,2019-06-23 08:43:33,主机node_53 JBOSS 8080端口的连接数大于400,0
109,SYS_9,2019-06-23 08:43:33,主机node_16 网卡eth0 发送流量持续30分钟平均值大于700M,0
110,SYS_6,2019-06-23 08:43:33,主机node_35 端口6060通信异常,0
111,SYS_6,2019-06-23 08:43:33,主机node_56 上CPU Steal Time持续5分钟超过10%,0
112,SYS_9,2019-06-23 08:43:34,主机node_47 上I/O等待负载大于50%,0
113,SYS_8,2019-06-23 08:43:34,主机node_95 上CPU Steal Time持续5分钟超过10%,0
114,SYS_8,2019-06-23 08:43:35,"主机node_71 ping丢包率100%,服务器宕机",0
115,SYS_4,2019-06-23 08:43:39,主机node_77 日志产生ERROR信息,0
116,SYS_2,2019-06-23 08:43:39,主机node_70 分区剩余空间小于阀值10%,0
117,SYS_2,2019-06-23 08:43:40,主机node_37 堆内存平均使用率：94.61%（大于阈值：90%）,0
118,SYS_5,2019-06-23 08:43:40,主机node_60 分区剩余空间小于阀值10%,0
119,SYS_9,2019-06-23 08:43:43,主机node_16 网卡eth0 发送流量持续30分钟平均值大于700M,0
120,SYS_1,2019-06-23 08:43:44,主机node_15 分区剩余空间小于阀值10%,0
121,SYS_6,2019-06-23 08:43:44,主机node_25 网卡eth0 发送流量持续30分钟平均值大于700M,0
122,SYS_8,2019-06-23 08:43:45,"主机node_71 ping丢包率100%,服务器宕机",0
123,SYS_2,2019-06-23 08:43:49,主机node_70 分区剩余空间小于阀值10%,0
124,SYS_9,2019-06-23 08:43:49,主机node_92 **** 请求延时大于5分钟,0
125,SYS_5,2019-06-23 08:43:50,主机node_60 分区剩余空间小于阀值10%,0
126,SYS_1,2019-06-23 08:43:50,主机node_0 网卡eth0 接收流量持续10分钟平均值大于180M,0
127,SYS_2,2019-06-23 08:43:51,主机node_99 FullGC次数：32次（大于阈值：10次）,0
128,SYS_6,2019-06-23 08:43:53,主机node_56 上CPU Steal Time持续5分钟超过10%,0
129,SYS_9,2019-06-23 08:43:53,主机node_16 网卡eth0 发送流量持续30分钟平均值大于700M,0
130,SYS_9,2019-06-23 08:43:54,主机node_47 上I/O等待负载大于50%,0
131,SYS_5,2019-06-23 08:43:55,主机node_14 url:http://node_14:80//访问失败,0
132,SYS_9,2019-06-23 08:43:59,主机node_44 url:http://node_44:8080访问失败,0
133,SYS_9,2019-06-23 08:43:59,主机node_92 **** 请求延时大于5分钟,0
134,SYS_1,2019-06-23 08:44:00,主机node_0 网卡eth0 接收流量持续10分钟平均值大于180M,0
135,SYS_5,2019-06-23 08:44:00,主机node_60 分区剩余空间小于阀值10%,0
136,SYS_6,2019-06-23 08:44:01,主机node_98 日志报错:无法获取连接,0
137,SYS_5,2019-06-23 08:44:01,主机node_26 FullGC次数：32次（大于阈值：10次）,0
138,SYS_2,2019-06-23 08:44:01,主机node_99 FullGC次数：32次（大于阈值：10次）,0
139,SYS_3,2019-06-23 08:44:02,主机node_20 网卡eth0 接收流量持续10分钟平均值大于300M,0
140,SYS_8,2019-06-23 08:44:05,"主机node_71 ping丢包率100%,服务器宕机",0
141,SYS_1,2019-06-23 08:44:05,主机node_93 JBOSS 8080端口的连接数大于400,0
142,SYS_9,2019-06-23 08:44:09,主机node_92 **** 请求延时大于5分钟,0
143,SYS_2,2019-06-23 08:44:10,主机node_37 堆内存平均使用率：94.61%（大于阈值：90%）,0
144,SYS_1,2019-06-23 08:44:10,主机node_0 网卡eth0 接收流量持续10分钟平均值大于180M,0
145,SYS_6,2019-06-23 08:44:11,主机node_98 日志报错:无法获取连接,0
146,SYS_1,2019-06-23 08:44:11,主机node_31 sdd IO使用率持续30分钟大于90%,0
147,SYS_8,2019-06-23 08:44:14,主机node_95 上CPU Steal Time持续5分钟超过10%,0
148,SYS_6,2019-06-23 08:44:14,主机node_25 网卡eth0 发送流量持续30分钟平均值大于700M,0
149,SYS_7,2019-06-23 08:44:15,主机node_24 日志中有OutOfMemoryError信息,0
150,SYS_5,2019-06-23 08:44:15,主机node_76 **** 请求延时大于5分钟,0
151,SYS_4,2019-06-23 08:44:17,主机node_62 上I/O等待负载持续15分钟超过10%,0
152,SYS_9,2019-06-23 08:44:19,主机node_92 **** 请求延时大于5分钟,0
153,SYS_2,2019-06-23 08:44:22,主机node_18 硬盘Slot 00状态为Failed,0
154,SYS_9,2019-06-23 08:44:23,主机node_16 网卡eth0 发送流量持续30分钟平均值大于700M,0
155,SYS_6,2019-06-23 08:44:23,主机node_56 上CPU Steal Time持续5分钟超过10%,0
156,SYS_6,2019-06-23 08:44:24,主机node_25 网卡eth0 发送流量持续30分钟平均值大于700M,0
157,SYS_8,2019-06-23 08:44:24,主机node_95 上CPU Steal Time持续5分钟超过10%,0
158,SYS_5,2019-06-23 08:44:25,主机node_76 **** 请求延时大于5分钟,0
159,SYS_10,2019-06-23 08:44:26,主机node_90 堆内存平均使用率：94.61%（大于阈值：90%）,0
160,SYS_5,2019-06-23 08:44:30,主机node_60 分区剩余空间小于阀值10%,0
161,SYS_6,2019-06-23 08:44:31,主机node_98 日志报错:无法获取连接,0
162,SYS_5,2019-06-23 08:44:31,主机node_26 FullGC次数：32次（大于阈值：10次）,0
163,SYS_7,2019-06-23 08:44:33,主机node_53 JBOSS 8080端口的连接数大于400,0
164,SYS_8,2019-06-23 08:44:34,主机node_95 上CPU Steal Time持续5分钟超过10%,0
165,SYS_9,2019-06-23 08:44:34,主机node_47 上I/O等待负载大于50%,0
166,SYS_9,2019-06-23 08:44:35,主机node_12 网卡eth0 发送流量持续10分钟平均值大于800M,0
167,SYS_1,2019-06-23 08:44:35,主机node_93 JBOSS 8080端口的连接数大于400,0
168,SYS_2,2019-06-23 08:44:39,主机node_70 分区剩余空间小于阀值10%,0
169,SYS_1,2019-06-23 08:44:40,主机node_0 网卡eth0 接收流量持续10分钟平均值大于180M,0
170,SYS_5,2019-06-23 08:44:40,主机node_60 分区剩余空间小于阀值10%,0
171,SYS_9,2019-06-23 08:44:41,主机node_80 sdd IO使用率持续30分钟大于90%,0
172,SYS_7,2019-06-23 08:44:43,主机node_53 JBOSS 8080端口的连接数大于400,0
173,SYS_8,2019-06-23 08:44:44,主机node_95 上CPU Steal Time持续5分钟超过10%,0
174,SYS_9,2019-06-23 08:44:49,主机node_92 **** 请求延时大于5分钟,0
175,SYS_2,2019-06-23 08:44:49,主机node_70 分区剩余空间小于阀值10%,0
176,SYS_5,2019-06-23 08:44:50,主机node_60 分区剩余空间小于阀值10%,0
177,SYS_5,2019-06-23 08:44:51,主机node_74 端口6060通信异常,0
178,SYS_1,2019-06-23 08:44:51,主机node_31 sdd IO使用率持续30分钟大于90%,0
179,SYS_6,2019-06-23 08:44:51,主机node_98 日志报错:无法获取连接,0
180,SYS_3,2019-06-23 08:44:52,主机node_20 网卡eth0 接收流量持续10分钟平均值大于300M,0
181,SYS_6,2019-06-23 08:44:52,主机node_67 HTTP:http://*************，慢响应（调用耗时超过1000ms）次数：309次（大于阈值：200次）,0
182,SYS_6,2019-06-23 08:44:53,主机node_35 端口6060通信异常,0
183,SYS_6,2019-06-23 08:44:53,主机node_56 上CPU Steal Time持续5分钟超过10%,0
184,SYS_9,2019-06-23 08:44:53,主机node_16 网卡eth0 发送流量持续30分钟平均值大于700M,0
185,SYS_1,2019-06-23 08:44:54,主机node_15 分区剩余空间小于阀值10%,0
186,SYS_6,2019-06-23 08:44:54,主机node_25 网卡eth0 发送流量持续30分钟平均值大于700M,0
187,SYS_4,2019-06-23 08:44:59,主机node_77 日志产生ERROR信息,0
188,SYS_9,2019-06-23 08:44:59,主机node_92 **** 请求延时大于5分钟,0
189,SYS_5,2019-06-23 08:45:00,主机node_60 分区剩余空间小于阀值10%,0
190,SYS_8,2019-06-23 08:45:02,主机node_43 上CPU Steal Time持续5分钟超过10%,0
191,SYS_6,2019-06-23 08:45:03,主机node_35 端口6060通信异常,0
192,SYS_8,2019-06-23 08:45:04,主机node_95 上CPU Steal Time持续5分钟超过10%,0
193,SYS_1,2019-06-23 08:45:04,主机node_15 分区剩余空间小于阀值10%,0
194,SYS_7,2019-06-23 08:45:05,主机node_24 日志中有OutOfMemoryError信息,0
195,SYS_4,2019-06-23 08:45:07,主机node_62 上I/O等待负载持续15分钟超过10%,0
196,SYS_9,2019-06-23 08:45:09,主机node_92 **** 请求延时大于5分钟,0
197,SYS_2,2019-06-23 08:45:09,主机node_70 分区剩余空间小于阀值10%,0
198,SYS_8,2019-06-23 08:45:10,主机node_87 上I/O等待负载大于50%,0
199,SYS_9,2019-06-23 08:45:13,主机node_16 网卡eth0 发送流量持续30分钟平均值大于700M,0
200,SYS_6,2019-06-23 08:45:13,主机node_56 上CPU Steal Time持续5分钟超过10%,0
201,SYS_1,2019-06-23 08:45:14,主机node_15 分区剩余空间小于阀值10%,0
202,SYS_8,2019-06-23 08:45:15,"主机node_71 ping丢包率100%,服务器宕机",0
203,SYS_2,2019-06-23 08:45:19,主机node_70 分区剩余空间小于阀值10%,0
204,SYS_10,2019-06-23 08:45:20,主机node_42 网卡eth0 发送流量持续30分钟平均值大于700M,0
205,SYS_5,2019-06-23 08:45:20,主机node_60 分区剩余空间小于阀值10%,0
206,SYS_6,2019-06-23 08:45:21,主机node_98 日志报错:无法获取连接,0
207,SYS_1,2019-06-23 08:45:21,主机node_31 sdd IO使用率持续30分钟大于90%,0
208,SYS_9,2019-06-23 08:45:23,主机node_16 网卡eth0 发送流量持续30分钟平均值大于700M,0
209,SYS_6,2019-06-23 08:45:24,主机node_25 网卡eth0 发送流量持续30分钟平均值大于700M,0
210,SYS_7,2019-06-23 08:45:25,主机node_24 日志中有OutOfMemoryError信息,0
211,SYS_4,2019-06-23 08:45:26,主机node_36 ping丢包率当前值为25%，持续2分钟平均大于20%,0
212,SYS_9,2019-06-23 08:45:29,主机node_92 **** 请求延时大于5分钟,0
213,SYS_5,2019-06-23 08:45:30,主机node_60 分区剩余空间小于阀值10%,0
214,SYS_2,2019-06-23 08:45:31,主机node_99 FullGC次数：32次（大于阈值：10次）,0
215,SYS_1,2019-06-23 08:45:31,主机node_31 sdd IO使用率持续30分钟大于90%,0
216,SYS_8,2019-06-23 08:45:32,主机node_43 上CPU Steal Time持续5分钟超过10%,0
217,SYS_9,2019-06-23 08:45:33,主机node_16 网卡eth0 发送流量持续30分钟平均值大于700M,0
218,SYS_9,2019-06-23 08:45:34,主机node_66 网卡eth0 发送流量持续10分钟平均值大于800M,0
219,SYS_8,2019-06-23 08:45:34,主机node_95 上CPU Steal Time持续5分钟超过10%,0
220,SYS_7,2019-06-23 08:45:35,主机node_24 日志中有OutOfMemoryError信息,0
221,SYS_4,2019-06-23 08:45:37,主机node_62 上I/O等待负载持续15分钟超过10%,0
222,SYS_9,2019-06-23 08:45:39,主机node_92 **** 请求延时大于5分钟,0
223,SYS_8,2019-06-23 08:45:42,主机node_43 上CPU Steal Time持续5分钟超过10%,0
224,SYS_3,2019-06-23 08:45:42,主机node_20 网卡eth0 接收流量持续10分钟平均值大于300M,0
225,SYS_9,2019-06-23 08:45:43,主机node_16 网卡eth0 发送流量持续30分钟平均值大于700M,0
226,SYS_8,2019-06-23 08:45:44,主机node_95 上CPU Steal Time持续5分钟超过10%,0
227,SYS_1,2019-06-23 08:45:44,主机node_15 分区剩余空间小于阀值10%,0
228,SYS_6,2019-06-23 08:45:44,主机node_25 网卡eth0 发送流量持续30分钟平均值大于700M,0
229,SYS_2,2019-06-23 08:45:50,主机node_37 堆内存平均使用率：94.61%（大于阈值：90%）,0
230,SYS_5,2019-06-23 08:45:50,主机node_60 分区剩余空间小于阀值10%,0
231,SYS_6,2019-06-23 08:45:53,主机node_56 上CPU Steal Time持续5分钟超过10%,0
232,SYS_9,2019-06-23 08:45:53,主机node_16 网卡eth0 发送流量持续30分钟平均值大于700M,0
233,SYS_9,2019-06-23 08:45:54,主机node_47 上I/O等待负载大于50%,0
234,SYS_5,2019-06-23 08:45:55,主机node_76 **** 请求延时大于5分钟,0
235,SYS_4,2019-06-23 08:45:56,"主机node_27 空闲CPU为1.52%,持续15分钟小于10%",0
236,SYS_4,2019-06-23 08:45:57,主机node_62 上I/O等待负载持续15分钟超过10%,0
237,SYS_3,2019-06-23 08:45:57,主机node_57 堆内存平均使用率：94.61%（大于阈值：90%）,0
238,SYS_9,2019-06-23 08:45:59,主机node_44 url:http://node_44:8080访问失败,0
239,SYS_5,2019-06-23 08:46:00,主机node_60 分区剩余空间小于阀值10%,0
240,SYS_1,2019-06-23 08:46:00,主机node_0 网卡eth0 接收流量持续10分钟平均值大于180M,0
241,SYS_1,2019-06-23 08:46:01,主机node_31 sdd IO使用率持续30分钟大于90%,0
242,SYS_8,2019-06-23 08:46:02,主机node_43 上CPU Steal Time持续5分钟超过10%,0
243,SYS_9,2019-06-23 08:46:03,主机node_16 网卡eth0 发送流量持续30分钟平均值大于700M,0
244,SYS_8,2019-06-23 08:46:04,主机node_95 上CPU Steal Time持续5分钟超过10%,0
245,SYS_4,2019-06-23 08:46:06,"主机node_27 空闲CPU为1.52%,持续15分钟小于10%",0
246,SYS_9,2019-06-23 08:46:09,主机node_92 **** 请求延时大于5分钟,0
247,SYS_5,2019-06-23 08:46:11,主机node_26 FullGC次数：32次（大于阈值：10次）,0
248,SYS_2,2019-06-23 08:46:11,主机node_99 FullGC次数：32次（大于阈值：10次）,0
249,SYS_8,2019-06-23 08:46:12,主机node_43 上CPU Steal Time持续5分钟超过10%,0
250,SYS_7,2019-06-23 08:46:15,主机node_24 日志中有OutOfMemoryError信息,0
251,SYS_4,2019-06-23 08:46:17,主机node_62 上I/O等待负载持续15分钟超过10%,0
252,SYS_2,2019-06-23 08:46:19,主机node_70 分区剩余空间小于阀值10%,0
253,SYS_10,2019-06-23 08:46:20,主机node_42 网卡eth0 发送流量持续30分钟平均值大于700M,0
254,SYS_8,2019-06-23 08:46:22,主机node_43 上CPU Steal Time持续5分钟超过10%,0
255,SYS_9,2019-06-23 08:46:23,主机node_16 网卡eth0 发送流量持续30分钟平均值大于700M,0
256,SYS_5,2019-06-23 08:46:25,主机node_76 **** 请求延时大于5分钟,0
257,SYS_4,2019-06-23 08:46:26,"主机node_27 空闲CPU为1.52%,持续15分钟小于10%",0
258,SYS_5,2019-06-23 08:46:30,主机node_60 分区剩余空间小于阀值10%,0
259,SYS_3,2019-06-23 08:46:32,主机node_20 网卡eth0 接收流量持续10分钟平均值大于300M,0
260,SYS_8,2019-06-23 08:46:32,主机node_43 上CPU Steal Time持续5分钟超过10%,0
261,SYS_7,2019-06-23 08:46:33,主机node_53 JBOSS 8080端口的连接数大于400,0
262,SYS_9,2019-06-23 08:46:34,主机node_47 上I/O等待负载大于50%,0
263,SYS_8,2019-06-23 08:46:34,主机node_95 上CPU Steal Time持续5分钟超过10%,0
264,SYS_7,2019-06-23 08:46:35,主机node_24 日志中有OutOfMemoryError信息,0
265,SYS_5,2019-06-23 08:46:35,主机node_14 url:http://node_14:80//访问失败,0
266,SYS_5,2019-06-23 08:46:40,主机node_60 分区剩余空间小于阀值10%,0
267,SYS_5,2019-06-23 08:46:41,主机node_26 FullGC次数：32次（大于阈值：10次）,0
268,SYS_6,2019-06-23 08:46:41,主机node_98 日志报错:无法获取连接,0
269,SYS_3,2019-06-23 08:46:42,主机node_20 网卡eth0 接收流量持续10分钟平均值大于300M,0
270,SYS_7,2019-06-23 08:46:43,主机node_63 Nginx 80端口的连接数大于2000,0
271,SYS_6,2019-06-23 08:46:43,主机node_56 上CPU Steal Time持续5分钟超过10%,0
272,SYS_1,2019-06-23 08:46:44,主机node_15 分区剩余空间小于阀值10%,0
273,SYS_8,2019-06-23 08:46:44,主机node_95 上CPU Steal Time持续5分钟超过10%,0
274,SYS_4,2019-06-23 08:46:47,主机node_62 上I/O等待负载持续15分钟超过10%,0
275,SYS_8,2019-06-23 08:46:52,主机node_43 上CPU Steal Time持续5分钟超过10%,0
276,SYS_3,2019-06-23 08:46:52,主机node_20 网卡eth0 接收流量持续10分钟平均值大于300M,0
277,SYS_8,2019-06-23 08:46:54,主机node_95 上CPU Steal Time持续5分钟超过10%,0
278,SYS_1,2019-06-23 08:46:55,主机node_93 JBOSS 8080端口的连接数大于400,0
279,SYS_2,2019-06-23 08:46:59,主机node_70 分区剩余空间小于阀值10%,0
280,SYS_9,2019-06-23 08:46:59,主机node_92 **** 请求延时大于5分钟,0
281,SYS_1,2019-06-23 08:47:00,主机node_0 网卡eth0 接收流量持续10分钟平均值大于180M,0
282,SYS_5,2019-06-23 08:47:01,主机node_26 FullGC次数：32次（大于阈值：10次）,0
283,SYS_2,2019-06-23 08:47:01,主机node_99 FullGC次数：32次（大于阈值：10次）,0
284,SYS_3,2019-06-23 08:47:02,主机node_20 网卡eth0 接收流量持续10分钟平均值大于300M,0
285,SYS_8,2019-06-23 08:47:02,主机node_43 上CPU Steal Time持续5分钟超过10%,0
286,SYS_9,2019-06-23 08:47:03,主机node_16 网卡eth0 发送流量持续30分钟平均值大于700M,0
287,SYS_6,2019-06-23 08:47:03,主机node_56 上CPU Steal Time持续5分钟超过10%,0
288,SYS_8,2019-06-23 08:47:04,主机node_95 上CPU Steal Time持续5分钟超过10%,0
289,SYS_1,2019-06-23 08:47:04,主机node_15 分区剩余空间小于阀值10%,0
290,SYS_4,2019-06-23 08:47:07,主机node_62 上I/O等待负载持续15分钟超过10%,0
291,SYS_1,2019-06-23 08:47:10,主机node_0 网卡eth0 接收流量持续10分钟平均值大于180M,0
292,SYS_5,2019-06-23 08:47:11,主机node_74 端口6060通信异常,0
293,SYS_8,2019-06-23 08:47:12,主机node_43 上CPU Steal Time持续5分钟超过10%,0
294,SYS_9,2019-06-23 08:47:13,主机node_16 网卡eth0 发送流量持续30分钟平均值大于700M,0
295,SYS_7,2019-06-23 08:47:15,主机node_24 日志中有OutOfMemoryError信息,0
296,SYS_4,2019-06-23 08:47:17,主机node_62 上I/O等待负载持续15分钟超过10%,0
297,SYS_1,2019-06-23 08:47:20,主机node_0 网卡eth0 接收流量持续10分钟平均值大于180M,0
298,SYS_2,2019-06-23 08:47:21,主机node_7 网卡eth0 发送流量持续30分钟平均值大于700M,0
299,SYS_3,2019-06-23 08:47:22,主机node_20 网卡eth0 接收流量持续10分钟平均值大于300M,0
300,SYS_8,2019-06-23 08:47:22,主机node_43 上CPU Steal Time持续5分钟超过10%,0
301,SYS_6,2019-06-23 08:47:23,主机node_56 上CPU Steal Time持续5分钟超过10%,0
302,SYS_9,2019-06-23 08:47:23,主机node_16 网卡eth0 发送流量持续30分钟平均值大于700M,0
303,SYS_8,2019-06-23 08:47:24,主机node_95 上CPU Steal Time持续5分钟超过10%,0
304,SYS_4,2019-06-23 08:47:26,"主机node_27 空闲CPU为1.52%,持续15分钟小于10%",0
305,SYS_4,2019-06-23 08:47:27,主机node_62 上I/O等待负载持续15分钟超过10%,0
306,SYS_9,2019-06-23 08:47:29,主机node_92 **** 请求延时大于5分钟,0
307,SYS_2,2019-06-23 08:47:29,主机node_70 分区剩余空间小于阀值10%,0
308,SYS_5,2019-06-23 08:47:30,主机node_60 分区剩余空间小于阀值10%,0
309,SYS_10,2019-06-23 08:47:30,主机node_42 网卡eth0 发送流量持续30分钟平均值大于700M,0
310,SYS_6,2019-06-23 08:47:31,主机node_98 日志报错:无法获取连接,0
311,SYS_3,2019-06-23 08:47:34,主机node_97 日志中有OutOfMemoryError信息,0
312,SYS_9,2019-06-23 08:47:35,主机node_12 网卡eth0 发送流量持续10分钟平均值大于800M,0
313,SYS_4,2019-06-23 08:47:37,主机node_62 上I/O等待负载持续15分钟超过10%,0
314,SYS_9,2019-06-23 08:47:39,主机node_92 **** 请求延时大于5分钟,0
315,SYS_5,2019-06-23 08:47:40,主机node_60 分区剩余空间小于阀值10%,0
316,SYS_6,2019-06-23 08:47:41,主机node_98 日志报错:无法获取连接,0
317,SYS_2,2019-06-23 08:47:41,主机node_99 FullGC次数：32次（大于阈值：10次）,0
318,SYS_5,2019-06-23 08:47:41,主机node_26 FullGC次数：32次（大于阈值：10次）,0
319,SYS_6,2019-06-23 08:47:43,主机node_56 上CPU Steal Time持续5分钟超过10%,0
320,SYS_9,2019-06-23 08:47:43,主机node_16 网卡eth0 发送流量持续30分钟平均值大于700M,0
321,SYS_8,2019-06-23 08:47:44,主机node_95 上CPU Steal Time持续5分钟超过10%,0
322,SYS_6,2019-06-23 08:47:44,主机node_25 网卡eth0 发送流量持续30分钟平均值大于700M,0
323,SYS_1,2019-06-23 08:47:44,主机node_15 分区剩余空间小于阀值10%,0
324,SYS_4,2019-06-23 08:47:47,主机node_62 上I/O等待负载持续15分钟超过10%,0
325,SYS_4,2019-06-23 08:47:49,主机node_77 日志产生ERROR信息,0
326,SYS_2,2019-06-23 08:47:49,主机node_70 分区剩余空间小于阀值10%,0
327,SYS_2,2019-06-23 08:47:52,主机node_18 硬盘Slot 00状态为Failed,0
328,SYS_8,2019-06-23 08:47:52,主机node_43 上CPU Steal Time持续5分钟超过10%,0
329,SYS_9,2019-06-23 08:47:53,主机node_16 网卡eth0 发送流量持续30分钟平均值大于700M,0
330,SYS_6,2019-06-23 08:47:53,主机node_56 上CPU Steal Time持续5分钟超过10%,0
331,SYS_7,2019-06-23 08:47:53,主机node_53 JBOSS 8080端口的连接数大于400,0
332,SYS_1,2019-06-23 08:47:54,主机node_15 分区剩余空间小于阀值10%,0
333,SYS_4,2019-06-23 08:47:57,主机node_62 上I/O等待负载持续15分钟超过10%,0
334,SYS_9,2019-06-23 08:47:59,主机node_92 **** 请求延时大于5分钟,0
335,SYS_4,2019-06-23 08:47:59,主机node_77 日志产生ERROR信息,0
336,SYS_9,2019-06-23 08:47:59,主机node_44 url:http://node_44:8080访问失败,0
337,SYS_5,2019-06-23 08:48:00,主机node_60 分区剩余空间小于阀值10%,0
338,SYS_1,2019-06-23 08:48:01,主机node_31 sdd IO使用率持续30分钟大于90%,0
339,SYS_5,2019-06-23 08:48:01,主机node_26 FullGC次数：32次（大于阈值：10次）,0
340,SYS_1,2019-06-23 08:48:01,主机node_83 FullGC平均耗时：2118ms（大于阈值：1000ms）,0
341,SYS_8,2019-06-23 08:48:02,主机node_43 上CPU Steal Time持续5分钟超过10%,0
342,SYS_7,2019-06-23 08:48:03,主机node_63 Nginx 80端口的连接数大于2000,0
343,SYS_9,2019-06-23 08:48:03,主机node_16 网卡eth0 发送流量持续30分钟平均值大于700M,0
344,SYS_1,2019-06-23 08:48:04,主机node_15 分区剩余空间小于阀值10%,0
345,SYS_8,2019-06-23 08:48:04,主机node_95 上CPU Steal Time持续5分钟超过10%,0
346,SYS_1,2019-06-23 08:48:05,主机node_93 JBOSS 8080端口的连接数大于400,0
347,SYS_4,2019-06-23 08:48:07,主机node_62 上I/O等待负载持续15分钟超过10%,0
348,SYS_2,2019-06-23 08:48:09,主机node_70 分区剩余空间小于阀值10%,0
349,SYS_9,2019-06-23 08:48:09,主机node_92 **** 请求延时大于5分钟,0
350,SYS_9,2019-06-23 08:48:09,主机node_44 url:http://node_44:8080访问失败,0
351,SYS_9,2019-06-23 08:48:10,主机node_22 网卡eth0 接收流量持续10分钟平均值大于300M,0
352,SYS_1,2019-06-23 08:48:10,主机node_0 网卡eth0 接收流量持续10分钟平均值大于180M,0
353,SYS_2,2019-06-23 08:48:11,主机node_7 网卡eth0 发送流量持续30分钟平均值大于700M,0
354,SYS_9,2019-06-23 08:48:13,主机node_16 网卡eth0 发送流量持续30分钟平均值大于700M,0
355,SYS_8,2019-06-23 08:48:14,主机node_95 上CPU Steal Time持续5分钟超过10%,0
356,SYS_6,2019-06-23 08:48:14,主机node_25 网卡eth0 发送流量持续30分钟平均值大于700M,0
357,SYS_9,2019-06-23 08:48:19,主机node_92 **** 请求延时大于5分钟,0
358,SYS_9,2019-06-23 08:48:19,主机node_44 url:http://node_44:8080访问失败,0
359,SYS_2,2019-06-23 08:48:19,主机node_70 分区剩余空间小于阀值10%,0
360,SYS_1,2019-06-23 08:48:20,主机node_0 网卡eth0 接收流量持续10分钟平均值大于180M,0
361,SYS_2,2019-06-23 08:48:20,主机node_37 堆内存平均使用率：94.61%（大于阈值：90%）,0
362,SYS_5,2019-06-23 08:48:21,主机node_74 端口6060通信异常,0
363,SYS_1,2019-06-23 08:48:21,主机node_83 FullGC平均耗时：2118ms（大于阈值：1000ms）,0
364,SYS_9,2019-06-23 08:48:21,主机node_80 sdd IO使用率持续30分钟大于90%,0
365,SYS_6,2019-06-23 08:48:23,主机node_56 上CPU Steal Time持续5分钟超过10%,0
366,SYS_1,2019-06-23 08:48:24,主机node_15 分区剩余空间小于阀值10%,0
367,SYS_7,2019-06-23 08:48:25,主机node_24 日志中有OutOfMemoryError信息,0
368,SYS_9,2019-06-23 08:48:29,主机node_92 **** 请求延时大于5分钟,0
369,SYS_5,2019-06-23 08:48:30,主机node_60 分区剩余空间小于阀值10%,0
370,SYS_5,2019-06-23 08:48:31,主机node_74 端口6060通信异常,0
371,SYS_2,2019-06-23 08:48:31,主机node_7 网卡eth0 发送流量持续30分钟平均值大于700M,0
372,SYS_1,2019-06-23 08:48:31,主机node_31 sdd IO使用率持续30分钟大于90%,0
373,SYS_8,2019-06-23 08:48:32,主机node_43 上CPU Steal Time持续5分钟超过10%,0
374,SYS_6,2019-06-23 08:48:33,主机node_56 上CPU Steal Time持续5分钟超过10%,0
375,SYS_9,2019-06-23 08:48:33,主机node_16 网卡eth0 发送流量持续30分钟平均值大于700M,0
376,SYS_1,2019-06-23 08:48:34,主机node_15 分区剩余空间小于阀值10%,0
377,SYS_8,2019-06-23 08:48:34,主机node_95 上CPU Steal Time持续5分钟超过10%,0
378,SYS_10,2019-06-23 08:48:36,主机node_90 堆内存平均使用率：94.61%（大于阈值：90%）,0
379,SYS_4,2019-06-23 08:48:37,主机node_62 上I/O等待负载持续15分钟超过10%,0
380,SYS_4,2019-06-23 08:48:39,主机node_77 日志产生ERROR信息,0
381,SYS_6,2019-06-23 08:48:41,主机node_98 日志报错:无法获取连接,0
382,SYS_5,2019-06-23 08:48:41,主机node_74 端口6060通信异常,0
383,SYS_3,2019-06-23 08:48:42,主机node_20 网卡eth0 接收流量持续10分钟平均值大于300M,0
384,SYS_9,2019-06-23 08:48:43,主机node_16 网卡eth0 发送流量持续30分钟平均值大于700M,0
385,SYS_8,2019-06-23 08:48:44,主机node_95 上CPU Steal Time持续5分钟超过10%,0
386,SYS_1,2019-06-23 08:48:44,主机node_15 分区剩余空间小于阀值10%,0
387,SYS_9,2019-06-23 08:48:44,主机node_66 网卡eth0 发送流量持续10分钟平均值大于800M,0
388,SYS_9,2019-06-23 08:48:49,主机node_92 **** 请求延时大于5分钟,0
389,SYS_2,2019-06-23 08:48:50,主机node_37 堆内存平均使用率：94.61%（大于阈值：90%）,0
390,SYS_2,2019-06-23 08:48:51,主机node_99 FullGC次数：32次（大于阈值：10次）,0
391,SYS_8,2019-06-23 08:48:52,主机node_43 上CPU Steal Time持续5分钟超过10%,0
392,SYS_9,2019-06-23 08:48:53,主机node_16 网卡eth0 发送流量持续30分钟平均值大于700M,0
393,SYS_6,2019-06-23 08:48:54,主机node_25 网卡eth0 发送流量持续30分钟平均值大于700M,0
394,SYS_8,2019-06-23 08:48:54,主机node_95 上CPU Steal Time持续5分钟超过10%,0
395,SYS_5,2019-06-23 08:48:55,主机node_76 **** 请求延时大于5分钟,0
396,SYS_10,2019-06-23 08:48:56,主机node_90 堆内存平均使用率：94.61%（大于阈值：90%）,0
397,SYS_4,2019-06-23 08:48:57,主机node_62 上I/O等待负载持续15分钟超过10%,0
398,SYS_2,2019-06-23 08:48:59,主机node_70 分区剩余空间小于阀值10%,0
399,SYS_2,2019-06-23 08:49:00,主机node_37 堆内存平均使用率：94.61%（大于阈值：90%）,0
400,SYS_5,2019-06-23 08:49:00,主机node_60 分区剩余空间小于阀值10%,0
401,SYS_2,2019-06-23 08:49:01,主机node_7 网卡eth0 发送流量持续30分钟平均值大于700M,0
402,SYS_5,2019-06-23 08:49:01,主机node_74 端口6060通信异常,0
403,SYS_9,2019-06-23 08:49:03,主机node_16 网卡eth0 发送流量持续30分钟平均值大于700M,0
404,SYS_6,2019-06-23 08:49:03,主机node_56 上CPU Steal Time持续5分钟超过10%,0
405,SYS_8,2019-06-23 08:49:04,主机node_95 上CPU Steal Time持续5分钟超过10%,0
406,SYS_1,2019-06-23 08:49:04,主机node_15 分区剩余空间小于阀值10%,0
407,SYS_4,2019-06-23 08:49:07,主机node_62 上I/O等待负载持续15分钟超过10%,0
408,SYS_9,2019-06-23 08:49:09,主机node_44 url:http://node_44:8080访问失败,0
409,SYS_2,2019-06-23 08:49:09,主机node_70 分区剩余空间小于阀值10%,0
410,SYS_1,2019-06-23 08:49:11,主机node_31 sdd IO使用率持续30分钟大于90%,0
411,SYS_8,2019-06-23 08:49:12,主机node_43 上CPU Steal Time持续5分钟超过10%,0
412,SYS_9,2019-06-23 08:49:13,主机node_16 网卡eth0 发送流量持续30分钟平均值大于700M,0
413,SYS_6,2019-06-23 08:49:14,主机node_25 网卡eth0 发送流量持续30分钟平均值大于700M,0
414,SYS_4,2019-06-23 08:49:17,主机node_62 上I/O等待负载持续15分钟超过10%,0
415,SYS_9,2019-06-23 08:49:19,主机node_92 **** 请求延时大于5分钟,0
416,SYS_4,2019-06-23 08:49:19,主机node_77 日志产生ERROR信息,0
417,SYS_8,2019-06-23 08:49:22,主机node_43 上CPU Steal Time持续5分钟超过10%,0
418,SYS_3,2019-06-23 08:49:22,主机node_20 网卡eth0 接收流量持续10分钟平均值大于300M,0
419,SYS_6,2019-06-23 08:49:23,主机node_56 上CPU Steal Time持续5分钟超过10%,0
420,SYS_9,2019-06-23 08:49:23,主机node_16 网卡eth0 发送流量持续30分钟平均值大于700M,0
421,SYS_1,2019-06-23 08:49:24,主机node_15 分区剩余空间小于阀值10%,0
422,SYS_8,2019-06-23 08:49:24,主机node_95 上CPU Steal Time持续5分钟超过10%,0
423,SYS_8,2019-06-23 08:49:25,"主机node_71 ping丢包率100%,服务器宕机",0
424,SYS_4,2019-06-23 08:49:27,主机node_62 上I/O等待负载持续15分钟超过10%,0
425,SYS_2,2019-06-23 08:49:29,主机node_70 分区剩余空间小于阀值10%,0
426,SYS_9,2019-06-23 08:49:29,主机node_44 url:http://node_44:8080访问失败,0
427,SYS_5,2019-06-23 08:49:30,主机node_60 分区剩余空间小于阀值10%,0
428,SYS_6,2019-06-23 08:49:31,主机node_98 日志报错:无法获取连接,0
429,SYS_4,2019-06-23 08:49:37,主机node_62 上I/O等待负载持续15分钟超过10%,0
430,SYS_5,2019-06-23 08:49:40,主机node_60 分区剩余空间小于阀值10%,0
431,SYS_8,2019-06-23 08:49:40,主机node_87 上I/O等待负载大于50%,0
432,SYS_8,2019-06-23 08:49:42,主机node_43 上CPU Steal Time持续5分钟超过10%,0
433,SYS_6,2019-06-23 08:49:43,主机node_56 上CPU Steal Time持续5分钟超过10%,0
434,SYS_8,2019-06-23 08:49:44,主机node_95 上CPU Steal Time持续5分钟超过10%,0
435,SYS_2,2019-06-23 08:49:49,主机node_70 分区剩余空间小于阀值10%,0
436,SYS_5,2019-06-23 08:49:50,主机node_60 分区剩余空间小于阀值10%,0
437,SYS_2,2019-06-23 08:49:50,主机node_37 堆内存平均使用率：94.61%（大于阈值：90%）,0
438,SYS_1,2019-06-23 08:49:51,主机node_31 sdd IO使用率持续30分钟大于90%,0
439,SYS_9,2019-06-23 08:49:53,主机node_16 网卡eth0 发送流量持续30分钟平均值大于700M,0
440,SYS_1,2019-06-23 08:49:54,主机node_15 分区剩余空间小于阀值10%,0
441,SYS_8,2019-06-23 08:49:54,主机node_95 上CPU Steal Time持续5分钟超过10%,0
442,SYS_5,2019-06-23 08:50:00,主机node_60 分区剩余空间小于阀值10%,0
443,SYS_1,2019-06-23 08:50:01,主机node_31 sdd IO使用率持续30分钟大于90%,0
444,SYS_8,2019-06-23 08:50:02,主机node_43 上CPU Steal Time持续5分钟超过10%,0
445,SYS_2,2019-06-23 08:50:02,主机node_18 硬盘Slot 00状态为Failed,0
446,SYS_6,2019-06-23 08:50:03,主机node_56 上CPU Steal Time持续5分钟超过10%,0
447,SYS_7,2019-06-23 08:50:03,主机node_63 Nginx 80端口的连接数大于2000,0
448,SYS_8,2019-06-23 08:50:04,主机node_95 上CPU Steal Time持续5分钟超过10%,0
449,SYS_4,2019-06-23 08:50:07,主机node_62 上I/O等待负载持续15分钟超过10%,0
450,SYS_9,2019-06-23 08:50:09,主机node_44 url:http://node_44:8080访问失败,0
451,SYS_5,2019-06-23 08:50:10,主机node_60 分区剩余空间小于阀值10%,0
452,SYS_3,2019-06-23 08:50:12,主机node_20 网卡eth0 接收流量持续10分钟平均值大于300M,0
453,SYS_2,2019-06-23 08:50:12,主机node_18 硬盘Slot 00状态为Failed,0
454,SYS_9,2019-06-23 08:50:13,主机node_16 网卡eth0 发送流量持续30分钟平均值大于700M,0
455,SYS_6,2019-06-23 08:50:13,主机node_56 上CPU Steal Time持续5分钟超过10%,0
456,SYS_6,2019-06-23 08:50:13,主机node_35 端口6060通信异常,0
457,SYS_9,2019-06-23 08:50:15,主机node_12 网卡eth0 发送流量持续10分钟平均值大于800M,0
458,SYS_3,2019-06-23 08:50:17,主机node_57 堆内存平均使用率：94.61%（大于阈值：90%）,0
459,SYS_9,2019-06-23 08:50:19,主机node_92 **** 请求延时大于5分钟,0
460,SYS_9,2019-06-23 08:50:20,主机node_22 网卡eth0 接收流量持续10分钟平均值大于300M,0
461,SYS_6,2019-06-23 08:50:23,主机node_56 上CPU Steal Time持续5分钟超过10%,0
462,SYS_9,2019-06-23 08:50:24,主机node_47 上I/O等待负载大于50%,0
463,SYS_8,2019-06-23 08:50:24,主机node_95 上CPU Steal Time持续5分钟超过10%,0
464,SYS_5,2019-06-23 08:50:25,主机node_14 url:http://node_14:80//访问失败,0
465,SYS_2,2019-06-23 08:50:29,主机node_70 分区剩余空间小于阀值10%,0
466,SYS_4,2019-06-23 08:50:29,主机node_77 日志产生ERROR信息,0
467,SYS_5,2019-06-23 08:50:30,主机node_60 分区剩余空间小于阀值10%,0
468,SYS_9,2019-06-23 08:50:33,主机node_16 网卡eth0 发送流量持续30分钟平均值大于700M,0
469,SYS_6,2019-06-23 08:50:33,主机node_56 上CPU Steal Time持续5分钟超过10%,0
470,SYS_9,2019-06-23 08:50:34,主机node_47 上I/O等待负载大于50%,0
471,SYS_1,2019-06-23 08:50:34,主机node_15 分区剩余空间小于阀值10%,0
472,SYS_5,2019-06-23 08:50:35,主机node_76 **** 请求延时大于5分钟,0
473,SYS_9,2019-06-23 08:50:35,主机node_12 网卡eth0 发送流量持续10分钟平均值大于800M,0
474,SYS_4,2019-06-23 08:50:37,主机node_62 上I/O等待负载持续15分钟超过10%,0
475,SYS_2,2019-06-23 08:50:39,主机node_70 分区剩余空间小于阀值10%,0
476,SYS_4,2019-06-23 08:50:39,主机node_77 日志产生ERROR信息,0
477,SYS_5,2019-06-23 08:50:40,主机node_60 分区剩余空间小于阀值10%,0
478,SYS_6,2019-06-23 08:50:43,主机node_35 端口6060通信异常,0
479,SYS_9,2019-06-23 08:50:43,主机node_16 网卡eth0 发送流量持续30分钟平均值大于700M,0
480,SYS_1,2019-06-23 08:50:44,主机node_15 分区剩余空间小于阀值10%,0
481,SYS_8,2019-06-23 08:50:44,主机node_95 上CPU Steal Time持续5分钟超过10%,0
482,SYS_6,2019-06-23 08:50:44,主机node_25 网卡eth0 发送流量持续30分钟平均值大于700M,0
483,SYS_5,2019-06-23 08:50:45,主机node_14 url:http://node_14:80//访问失败,0
484,SYS_1,2019-06-23 08:50:45,主机node_93 JBOSS 8080端口的连接数大于400,0
485,SYS_7,2019-06-23 08:50:49,主机node_89 上CPU Steal Time持续5分钟超过10%,0
486,SYS_5,2019-06-23 08:50:50,主机node_60 分区剩余空间小于阀值10%,0
487,SYS_2,2019-06-23 08:50:51,主机node_99 FullGC次数：32次（大于阈值：10次）,0
488,SYS_8,2019-06-23 08:50:52,主机node_43 上CPU Steal Time持续5分钟超过10%,0
489,SYS_1,2019-06-23 08:50:54,主机node_15 分区剩余空间小于阀值10%,0
490,SYS_8,2019-06-23 08:50:54,主机node_95 上CPU Steal Time持续5分钟超过10%,0
491,SYS_9,2019-06-23 08:50:54,主机node_47 上I/O等待负载大于50%,0
492,SYS_4,2019-06-23 08:50:57,主机node_62 上I/O等待负载持续15分钟超过10%,0
493,SYS_9,2019-06-23 08:50:59,主机node_92 **** 请求延时大于5分钟,0
494,SYS_5,2019-06-23 08:51:00,主机node_60 分区剩余空间小于阀值10%,0
495,SYS_5,2019-06-23 08:51:01,主机node_74 端口6060通信异常,0
496,SYS_6,2019-06-23 08:51:03,主机node_56 上CPU Steal Time持续5分钟超过10%,0
497,SYS_6,2019-06-23 08:51:04,主机node_25 网卡eth0 发送流量持续30分钟平均值大于700M,0
498,SYS_1,2019-06-23 08:51:04,主机node_15 分区剩余空间小于阀值10%,0
499,SYS_2,2019-06-23 08:51:09,主机node_70 分区剩余空间小于阀值10%,0
500,SYS_8,2019-06-23 08:51:12,主机node_43 上CPU Steal Time持续5分钟超过10%,0
501,SYS_8,2019-06-23 08:51:14,主机node_95 上CPU Steal Time持续5分钟超过10%,0
502,SYS_1,2019-06-23 08:51:14,主机node_15 分区剩余空间小于阀值10%,0
503,SYS_9,2019-06-23 08:51:19,主机node_92 **** 请求延时大于5分钟,0
504,SYS_1,2019-06-23 08:51:20,主机node_0 网卡eth0 接收流量持续10分钟平均值大于180M,0
505,SYS_5,2019-06-23 08:51:20,主机node_60 分区剩余空间小于阀值10%,0
506,SYS_5,2019-06-23 08:51:21,主机node_74 端口6060通信异常,0
507,SYS_8,2019-06-23 08:51:22,主机node_43 上CPU Steal Time持续5分钟超过10%,0
508,SYS_2,2019-06-23 08:51:22,主机node_18 硬盘Slot 00状态为Failed,0
509,SYS_7,2019-06-23 08:51:25,主机node_24 日志中有OutOfMemoryError信息,0
510,SYS_5,2019-06-23 08:51:25,主机node_76 **** 请求延时大于5分钟,0
511,SYS_5,2019-06-23 08:51:25,主机node_14 url:http://node_14:80//访问失败,0
512,SYS_10,2019-06-23 08:51:26,主机node_90 堆内存平均使用率：94.61%（大于阈值：90%）,0
513,SYS_3,2019-06-23 08:51:27,主机node_57 堆内存平均使用率：94.61%（大于阈值：90%）,0
514,SYS_9,2019-06-23 08:51:29,主机node_92 **** 请求延时大于5分钟,0
515,SYS_5,2019-06-23 08:51:30,主机node_60 分区剩余空间小于阀值10%,0
516,SYS_8,2019-06-23 08:51:32,主机node_43 上CPU Steal Time持续5分钟超过10%,0
517,SYS_7,2019-06-23 08:51:33,主机node_53 JBOSS 8080端口的连接数大于400,0
518,SYS_9,2019-06-23 08:51:33,主机node_16 网卡eth0 发送流量持续30分钟平均值大于700M,0
519,SYS_7,2019-06-23 08:51:35,主机node_24 日志中有OutOfMemoryError信息,0
520,SYS_5,2019-06-23 08:51:35,主机node_76 **** 请求延时大于5分钟,0
521,SYS_4,2019-06-23 08:51:39,主机node_77 日志产生ERROR信息,0
522,SYS_7,2019-06-23 08:51:39,主机node_89 上CPU Steal Time持续5分钟超过10%,0
523,SYS_9,2019-06-23 08:51:39,主机node_92 **** 请求延时大于5分钟,0
524,SYS_2,2019-06-23 08:51:39,主机node_70 分区剩余空间小于阀值10%,0
525,SYS_9,2019-06-23 08:51:40,主机node_22 网卡eth0 接收流量持续10分钟平均值大于300M,0
526,SYS_5,2019-06-23 08:51:40,主机node_60 分区剩余空间小于阀值10%,0
527,SYS_2,2019-06-23 08:51:41,主机node_99 FullGC次数：32次（大于阈值：10次）,0
528,SYS_6,2019-06-23 08:51:42,主机node_67 HTTP:http://*************，慢响应（调用耗时超过1000ms）次数：309次（大于阈值：200次）,0
529,SYS_7,2019-06-23 08:51:43,主机node_63 Nginx 80端口的连接数大于2000,0
530,SYS_9,2019-06-23 08:51:43,主机node_16 网卡eth0 发送流量持续30分钟平均值大于700M,0
531,SYS_6,2019-06-23 08:51:43,主机node_56 上CPU Steal Time持续5分钟超过10%,0
532,SYS_9,2019-06-23 08:51:44,主机node_47 上I/O等待负载大于50%,0
533,SYS_7,2019-06-23 08:51:49,主机node_89 上CPU Steal Time持续5分钟超过10%,0
534,SYS_9,2019-06-23 08:51:49,主机node_92 **** 请求延时大于5分钟,0
535,SYS_2,2019-06-23 08:51:49,主机node_70 分区剩余空间小于阀值10%,0
536,SYS_5,2019-06-23 08:51:50,主机node_60 分区剩余空间小于阀值10%,0
537,SYS_6,2019-06-23 08:51:53,主机node_56 上CPU Steal Time持续5分钟超过10%,0
538,SYS_9,2019-06-23 08:51:53,主机node_16 网卡eth0 发送流量持续30分钟平均值大于700M,0
539,SYS_6,2019-06-23 08:51:53,主机node_35 端口6060通信异常,0
540,SYS_8,2019-06-23 08:51:54,主机node_95 上CPU Steal Time持续5分钟超过10%,0
541,SYS_2,2019-06-23 08:51:59,主机node_70 分区剩余空间小于阀值10%,0
542,SYS_2,2019-06-23 08:52:01,主机node_7 网卡eth0 发送流量持续30分钟平均值大于700M,0
543,SYS_8,2019-06-23 08:52:02,主机node_43 上CPU Steal Time持续5分钟超过10%,0
544,SYS_9,2019-06-23 08:52:03,主机node_16 网卡eth0 发送流量持续30分钟平均值大于700M,0
545,SYS_9,2019-06-23 08:52:04,主机node_47 上I/O等待负载大于50%,0
546,SYS_5,2019-06-23 08:52:05,主机node_76 **** 请求延时大于5分钟,0
547,SYS_4,2019-06-23 08:52:06,"主机node_27 空闲CPU为1.52%,持续15分钟小于10%",0
548,SYS_9,2019-06-23 08:52:09,主机node_92 **** 请求延时大于5分钟,0
549,SYS_2,2019-06-23 08:52:09,主机node_70 分区剩余空间小于阀值10%,0
550,SYS_6,2019-06-23 08:52:11,主机node_98 日志报错:无法获取连接,0
551,SYS_9,2019-06-23 08:52:13,主机node_16 网卡eth0 发送流量持续30分钟平均值大于700M,0
552,SYS_6,2019-06-23 08:52:13,主机node_56 上CPU Steal Time持续5分钟超过10%,0
553,SYS_1,2019-06-23 08:52:14,主机node_15 分区剩余空间小于阀值10%,0
554,SYS_8,2019-06-23 08:52:14,主机node_95 上CPU Steal Time持续5分钟超过10%,0
555,SYS_7,2019-06-23 08:52:15,主机node_24 日志中有OutOfMemoryError信息,0
556,SYS_5,2019-06-23 08:52:15,主机node_76 **** 请求延时大于5分钟,0
557,SYS_2,2019-06-23 08:52:19,主机node_70 分区剩余空间小于阀值10%,0
558,SYS_9,2019-06-23 08:52:19,主机node_44 url:http://node_44:8080访问失败,0
559,SYS_1,2019-06-23 08:52:21,主机node_31 sdd IO使用率持续30分钟大于90%,0
560,SYS_6,2019-06-23 08:52:23,主机node_56 上CPU Steal Time持续5分钟超过10%,0
561,SYS_9,2019-06-23 08:52:23,主机node_16 网卡eth0 发送流量持续30分钟平均值大于700M,0
562,SYS_8,2019-06-23 08:52:24,主机node_95 上CPU Steal Time持续5分钟超过10%,0
563,SYS_4,2019-06-23 08:52:26,"主机node_27 空闲CPU为1.52%,持续15分钟小于10%",0
564,SYS_2,2019-06-23 08:52:29,主机node_70 分区剩余空间小于阀值10%,0
565,SYS_6,2019-06-23 08:52:33,主机node_56 上CPU Steal Time持续5分钟超过10%,0
566,SYS_6,2019-06-23 08:52:33,主机node_35 端口6060通信异常,0
567,SYS_7,2019-06-23 08:52:33,主机node_63 Nginx 80端口的连接数大于2000,0
568,SYS_1,2019-06-23 08:52:34,主机node_15 分区剩余空间小于阀值10%,0
569,SYS_8,2019-06-23 08:52:34,主机node_95 上CPU Steal Time持续5分钟超过10%,0
570,SYS_9,2019-06-23 08:52:35,主机node_12 网卡eth0 发送流量持续10分钟平均值大于800M,0
571,SYS_5,2019-06-23 08:52:35,主机node_76 **** 请求延时大于5分钟,0
